total_carbon_emissions,average_power_kw,cooling_type
317927.78162455984,5460.255506728335,Air Cooling
243513.89605278466,4182.221067561074,Water Cooling
234148.44523372722,4021.3744424101105,Hybrid Cooling
