total_carbon_emissions,average_power_kw,cooling_type
187016.00914727934,3211.9092928156592,Air Cooling
187317.71560943537,3217.081706608763,Water Cooling
187317.71560943537,3217.081706608763,Hybrid Cooling
