total_carbon_emissions,average_power_kw,location
187016.00914727934,3211.9092928156592,Texas
132687.8748948519,3076.745097572686,California
27855.813539299936,3024.160484701847,Washington
