total_carbon_emissions,average_power_kw,workload_pattern
5357001.781934128,91840.91677595433,Constant Load
4464017.311861407,76941.28927595435,Day/Night Cycle
5803964.421180787,99503.58234738294,Weekly Cycle
